route,file,dynamic,refCount
/admin/errors,frontend/src/app/admin/errors/page.tsx,false,0
/ai-vision,frontend/src/app/(admin)/ai-vision/page.tsx,false,0
/auth/ai-widget-gallery,frontend/src/app/auth/ai-widget-gallery/page.tsx,false,0
/auth/login-legacy,frontend/src/app/auth/login-legacy/page.tsx,false,0
/auth/login-v2,frontend/src/app/auth/login-v2/page.tsx,false,0
/auth/login-v3,frontend/src/app/auth/login-v3/page.tsx,false,0
/eval-runs,frontend/src/app/(admin)/eval-runs/page.tsx,false,0
/fm-global/fm_global_tables,frontend/src/app/(main)/fm-global/fm_global_tables/page.tsx,false,0
/invoice/list,frontend/src/app/(dashboard)/invoice/list/page.tsx,false,0
/motion/project-created-preview,frontend/src/app/(admin)/motion/project-created-preview/page.tsx,false,0
/outlook-draft-feedback,frontend/src/app/(admin)/outlook-draft-feedback/page.tsx,false,0