Name,Start Date,Finish Date,Percent Complete,Status,Groups,Assigned To
Receive notice to proceed and sign contract,Mon 02/03/2025,Mon 02/03/2025,0%,Not Started,,
Prepare and submit project schedule,Mon 02/03/2025,Mon 02/03/2025,0%,Not Started,,
Complete Structural Design Parameters,Mon 02/03/2025,Wed 02/05/2025,0%,Not Started,,
Final Architectural Design Drawings,Mon 02/03/2025,Fri 04/04/2025,0%,Not Started,,
Preconstruction & Design,Mon 02/03/2025,Fri 05/02/2025,0%,Not Started,,
PEMP Drawings,Wed 02/05/2025,Tue 04/01/2025,0%,Not Started,,
Fire Sprinkler Design Drawings,Mon 02/17/2025,Fri 03/14/2025,0%,Not Started,,
Plumbing Design Drawings,Mon 02/17/2025,Fri 03/14/2025,0%,Not Started,,
Mechanical Design Drawings,Mon 02/17/2025,Fri 03/14/2025,0%,Not Started,,
Fire Alarm Design Drawings,Mon 02/17/2025,Fri 03/14/2025,0%,Not Started,,
Electrical Design Drawings,Mon 02/17/2025,Fri 03/14/2025,0%,Not Started,,
Long Lead Procurement,Mon 02/17/2025,Fri 06/27/2025,0%,Not Started,,
Structural Design For Permit,Thu 02/20/2025,Fri 02/21/2025,0%,Not Started,,
Civil Plans for Permit,Fri 02/21/2025,Mon 02/24/2025,0%,Not Started,,
Submit Site & Structural Foundation Permit,Tue 02/25/2025,Tue 02/25/2025,0%,Not Started,,
Water Service,Tue 02/25/2025,Mon 03/10/2025,0%,Not Started,,
Storm Structures,Tue 02/25/2025,Mon 04/07/2025,0%,Not Started,,
Obtain Site & Structural building permit,Tue 03/11/2025,Mon 03/31/2025,0%,Not Started,,
Electrical Gear,Mon 03/17/2025,Fri 05/09/2025,0%,Not Started,,
Light Fixtures,Mon 03/17/2025,Fri 05/09/2025,0%,Not Started,,
RTUs,Mon 03/17/2025,Fri 05/09/2025,0%,Not Started,,
Site Grading and Utilities,Tue 03/25/2025,Wed 10/01/2025,0%,Not Started,,
Install temporary water service/relocate existing if possible,Tue 04/01/2025,Wed 04/02/2025,0%,Not Started,,
Erosion Control,Tue 04/01/2025,Thu 04/03/2025,100%,Complete,,
Set line and grade benchmarks,Tue 04/01/2025,Thu 04/03/2025,0%,Not Started,,
Mobilize on Site,Tue 04/01/2025,Tue 04/29/2025,0%,Not Started,,
Final Structural Design Drawings,Wed 04/02/2025,Thu 04/10/2025,0%,Not Started,,
PEMB steel Package,Wed 04/02/2025,Tue 05/27/2025,0%,Not Started,,
Clear and grub site,Fri 04/04/2025,Tue 04/08/2025,100%,Complete,,
Millwork,Mon 04/07/2025,Fri 05/16/2025,0%,Not Started,,
Elevator,Mon 04/07/2025,Fri 06/27/2025,0%,Not Started,,
Storefront,Mon 04/07/2025,Fri 06/27/2025,0%,Not Started,,
Remove Existing VB court Fence South Side,Wed 04/09/2025,Wed 04/09/2025,0%,Not Started,,
Install temporary power/relocate existing if possible,Wed 04/09/2025,Thu 04/10/2025,100%,Complete,,
Stone site access and temporary parking area,Wed 04/09/2025,Thu 04/10/2025,100%,Complete,,
Building Permit Submittal,Fri 04/11/2025,Fri 04/11/2025,0%,Not Started,,
Rough grade site (cut and fill),Fri 04/11/2025,Mon 04/14/2025,0%,Not Started,,
Metal Railings,Fri 04/11/2025,Thu 05/22/2025,0%,Not Started,,
Building Permit Approval,Mon 04/14/2025,Fri 05/02/2025,0%,Not Started,,
Install Gas Main,Tue 04/15/2025,Wed 04/16/2025,0%,Not Started,,
Set up site office,Tue 04/15/2025,Thu 04/17/2025,100%,Complete,,
Install Sanitary Sewer,Tue 04/15/2025,Mon 04/21/2025,0%,Not Started,,
Install storm drainage,Tue 04/15/2025,Mon 04/28/2025,0%,Not Started,,
Domestic water & fire line,Tue 04/15/2025,Mon 04/28/2025,0%,Not Started,,
Foundations,Mon 04/28/2025,Fri 08/01/2025,0%,Not Started,,
Install Temp Fence & Gates,Tue 04/29/2025,Tue 04/29/2025,100%,Complete,,
Storm Inlet Protection,Tue 04/29/2025,Tue 04/29/2025,0%,Not Started,,
Dumpster Enclosure Bollards,Tue 04/29/2025,Wed 04/30/2025,0%,Not Started,,
Dumpster Gate Posts,Tue 04/29/2025,Wed 04/30/2025,0%,Not Started,,
Fire hydrants and PIV valve,Tue 04/29/2025,Thu 05/01/2025,0%,Not Started,,
"Site Electrical, Primary Sleeves and Light Pole Bases",Tue 04/29/2025,Mon 05/05/2025,0%,Not Started,,
Install New VB Court Fence,Tue 04/29/2025,Mon 05/05/2025,0%,Not Started,,
Dumpster Pad,Thu 05/01/2025,Mon 05/05/2025,0%,Not Started,,
Flush & Test Water Mains,Fri 05/02/2025,Tue 05/06/2025,0%,Not Started,,
Monument Sign Foundation,Tue 05/06/2025,Thu 05/08/2025,0%,Not Started,,
Perform final site grading,Tue 05/06/2025,Thu 05/08/2025,0%,Not Started,,
Erosion Control Seed,Fri 05/09/2025,Fri 05/09/2025,0%,Not Started,,
Erect building batter boards and layout building,Fri 05/09/2025,Mon 05/12/2025,0%,Not Started,,
Parking Lot Storm Collars,Fri 05/09/2025,Tue 05/13/2025,0%,Not Started,,
"Domestic Water, Fire, Sanitary & Electrical Stub Up Into Building",Tue 05/13/2025,Fri 05/16/2025,0%,Not Started,,
Parking Lot Stone,Wed 05/14/2025,Tue 05/20/2025,0%,Not Started,,
Excavate foundations,Mon 05/19/2025,Fri 05/23/2025,0%,Not Started,,
Binder Course,Wed 05/21/2025,Mon 05/26/2025,0%,Not Started,,
Cut & Stone Accel & Decel Lanes 181st St,Fri 05/23/2025,Fri 05/23/2025,0%,Not Started,,
New Curbs Accel & Decel Lanes,Mon 05/26/2025,Thu 05/29/2025,0%,Not Started,,
"Form, set reinforcement, Anchor bolts and Pour spread foundations",Mon 05/26/2025,Thu 05/29/2025,0%,Not Started,,
Dumpster Enclosure CMU,Tue 05/27/2025,Mon 06/02/2025,0%,Not Started,,
Form & Pour Restaurant Side Grade Beam,Fri 05/30/2025,Thu 06/05/2025,0%,Not Started,,
"Erect steel columns, beams and joist - 1st and 2nd floors & Roof",Mon 06/02/2025,Fri 06/27/2025,0%,Not Started,,
ROW Pavement,Wed 06/04/2025,Wed 06/04/2025,0%,Not Started,,
Set Site Light Poles/pull wire & terminate,Thu 06/05/2025,Tue 06/10/2025,0%,Not Started,,
Walk Path Asphalt & Stone,Thu 06/05/2025,Wed 06/11/2025,0%,Not Started,,
Form & Pour Volleyball Grade Beam,Fri 06/06/2025,Thu 06/12/2025,0%,Not Started,,
Steel Erection,Mon 06/09/2025,Mon 08/11/2025,0%,Not Started,,
Detail openings level 2,Mon 06/30/2025,Wed 07/02/2025,0%,Not Started,,
Detail openings roof,Thu 07/03/2025,Mon 07/07/2025,0%,Not Started,,
Metal Stairs,Thu 07/03/2025,Wed 07/09/2025,0%,Not Started,,
Metal deck level 2,Thu 07/03/2025,Wed 07/09/2025,0%,Not Started,,
Set RTU Curbs,Tue 07/08/2025,Tue 07/08/2025,0%,Not Started,,
Metal deck roof,Tue 07/08/2025,Mon 07/21/2025,0%,Not Started,,
Metal Railings at Balconies & Opening in Building,Thu 07/10/2025,Wed 07/16/2025,0%,Not Started,,
Under Slab Plumbing,Thu 07/10/2025,Wed 07/23/2025,0%,Not Started,,
Under Slab Electrical,Thu 07/10/2025,Wed 07/23/2025,0%,Not Started,,
Slab on Grade & Slab on Deck,Thu 07/10/2025,Fri 09/05/2025,0%,Not Started,,
Building Exterior,Thu 07/17/2025,Mon 10/20/2025,0%,Not Started,,
Set RTUs,Tue 07/22/2025,Tue 07/22/2025,0%,Not Started,,
Pour back at columns Volleyball Court,Tue 07/22/2025,Thu 07/24/2025,0%,Not Started,,
Exterior Metal Wall Panels,Tue 07/22/2025,Mon 07/28/2025,0%,Not Started,,
Set Sleeves For Plumbing & Elect L2 SOD,Tue 07/22/2025,Mon 07/28/2025,0%,Not Started,,
Solar Panel Installation,Wed 07/23/2025,Tue 08/12/2025,0%,Not Started,,
Final Grade SOG,Thu 07/24/2025,Tue 07/29/2025,0%,Not Started,,
Backfill Foundations,Fri 07/25/2025,Tue 07/29/2025,0%,Not Started,,
Insulation Bats behind metal panels & Roof,Tue 07/29/2025,Mon 08/04/2025,0%,Not Started,,
"Sidewalks, stoops & Island Curbs",Tue 07/29/2025,Mon 08/11/2025,0%,Not Started,,
Moisture Barrier SOG,Wed 07/30/2025,Thu 08/07/2025,0%,Not Started,,
Interior Buildout VB Court,Thu 07/31/2025,Mon 09/01/2025,0%,Not Started,,
Install OH Garage Doors,Tue 08/05/2025,Thu 08/07/2025,0%,Not Started,,
Unit Heaters,Fri 08/08/2025,Fri 08/08/2025,0%,Not Started,,
Slab Reinforcement SOG,Fri 08/08/2025,Mon 08/11/2025,0%,Not Started,,
RI Electrical,Mon 08/11/2025,Mon 08/11/2025,0%,Not Started,,
RI gas to heaters,Mon 08/11/2025,Mon 08/11/2025,0%,Not Started,,
Install Topsoil,Tue 08/12/2025,Thu 08/14/2025,0%,Not Started,,
Install Fans & Lights,Tue 08/12/2025,Thu 08/14/2025,0%,Not Started,,
Pour SOG,Tue 08/12/2025,Mon 08/18/2025,0%,Not Started,,
Hang & Finish Demising Wall,Tue 08/12/2025,Mon 08/18/2025,0%,Not Started,,
Plants & Trees,Fri 08/15/2025,Thu 08/21/2025,0%,Not Started,,
Prime & 1st Coat Demising Wall,Tue 08/19/2025,Thu 08/21/2025,0%,Not Started,,
Slab Reinforcement L2 SOD,Tue 08/19/2025,Fri 08/22/2025,0%,Not Started,,
CMU Exterior Walls,Tue 08/19/2025,Mon 09/01/2025,0%,Not Started,,
Exterior Framing,Tue 08/19/2025,Mon 09/01/2025,0%,Not Started,,
Interior Buildout level 1,Thu 08/21/2025,Wed 12/10/2025,0%,Not Started,,
Rock planter Beds,Fri 08/22/2025,Fri 08/22/2025,0%,Not Started,,
Mulch planter Beds,Fri 08/22/2025,Thu 08/28/2025,0%,Not Started,,
Volleyball Nets & Sand System,Fri 08/22/2025,Thu 09/04/2025,0%,Not Started,,
Site Signage,Mon 08/25/2025,Mon 08/25/2025,0%,Not Started,,
Pour L2 SOD,Mon 08/25/2025,Mon 08/25/2025,0%,Not Started,,
Seed Grassed Areas,Tue 08/26/2025,Thu 08/28/2025,0%,Not Started,,
Frame Walls & Ceilings,Tue 08/26/2025,Mon 09/01/2025,0%,Not Started,,
Frame Walls & Ceilings,Tue 08/26/2025,Mon 09/15/2025,0%,Not Started,,
Interior Buildout Level 2,Tue 08/26/2025,Thu 10/23/2025,0%,Not Started,,
Final Paving,Fri 08/29/2025,Wed 09/03/2025,0%,Not Started,,
Fine Grade for Covered Patio SOG,Tue 09/02/2025,Thu 09/04/2025,0%,Not Started,,
Exterior Sheathing,Tue 09/02/2025,Mon 09/08/2025,0%,Not Started,,
RI Plumbing,Tue 09/02/2025,Mon 09/08/2025,0%,Not Started,,
RI Electrical,Tue 09/02/2025,Mon 09/15/2025,0%,Not Started,,
RI HVAC,Tue 09/02/2025,Mon 09/15/2025,0%,Not Started,,
RI Sprinkler,Wed 09/03/2025,Tue 09/09/2025,0%,Not Started,,
Form and Pour Patio SOG,Fri 09/05/2025,Fri 09/05/2025,0%,Not Started,,
Framing Balcony & Patio Ceilings & Bulkheads,Mon 09/08/2025,Fri 09/19/2025,0%,Not Started,,
Waterproofing,Tue 09/09/2025,Thu 09/11/2025,0%,Not Started,,
Wood Cladding,Fri 09/12/2025,Wed 09/17/2025,0%,Not Started,,
Doors & Windows,Fri 09/12/2025,Thu 09/18/2025,0%,Not Started,,
Insulate Walls,Tue 09/16/2025,Wed 09/17/2025,0%,Not Started,,
Install door frames and rough in call button box,Tue 09/16/2025,Thu 09/18/2025,0%,Not Started,,
RI HVAC,Tue 09/16/2025,Mon 09/29/2025,0%,Not Started,,
RI Fire Sprinkler,Tue 09/16/2025,Mon 09/29/2025,0%,Not Started,,
RI Plumbing,Tue 09/16/2025,Mon 10/06/2025,0%,Not Started,,
RI Electrical,Tue 09/16/2025,Mon 10/06/2025,0%,Not Started,,
Elevators,Tue 09/16/2025,Tue 11/18/2025,0%,Not Started,,
Install OH Garage Doors,Wed 09/17/2025,Fri 09/19/2025,0%,Not Started,,
Hang & Finish Drywall,Thu 09/18/2025,Fri 09/26/2025,0%,Not Started,,
EIFS,Fri 09/19/2025,Thu 10/09/2025,0%,Not Started,,
Elect. Rough In Balcony & Patio Ceilings,Mon 09/22/2025,Fri 10/03/2025,0%,Not Started,,
Striping & Pavement Markings,Thu 09/25/2025,Thu 09/25/2025,0%,Not Started,,
Install HM Door Frames,Mon 09/29/2025,Mon 09/29/2025,0%,Not Started,,
Install Air Curtains,Mon 09/29/2025,Mon 09/29/2025,0%,Not Started,,
Install Roll Up Counter Doors,Mon 09/29/2025,Tue 09/30/2025,0%,Not Started,,
Prime & 1st Coat Paint,Tue 09/30/2025,Wed 10/01/2025,0%,Not Started,,
Polish & Seal Floors,Thu 10/02/2025,Mon 10/06/2025,0%,Not Started,,
Bead Board Underside Balcony & Patio Ceilings,Mon 10/06/2025,Fri 10/10/2025,0%,Not Started,,
Insulate Walls,Tue 10/07/2025,Thu 10/09/2025,0%,Not Started,,
Install tile bathroom floors & walls,Tue 10/07/2025,Thu 10/09/2025,0%,Not Started,,
Install Casework,Tue 10/07/2025,Mon 10/13/2025,0%,Not Started,,
Install doors & hardware,Fri 10/10/2025,Mon 10/13/2025,0%,Not Started,,
Trim out electrical,Fri 10/10/2025,Thu 10/16/2025,0%,Not Started,,
Install Grills & Diffusers,Fri 10/10/2025,Thu 10/16/2025,0%,Not Started,,
Hang & Finish Drywall,Fri 10/10/2025,Thu 10/23/2025,0%,Not Started,,
Sealants Exterior Balcony & Patio,Mon 10/13/2025,Tue 10/14/2025,0%,Not Started,,
Install Plumbing Fixtures,Tue 10/14/2025,Wed 10/15/2025,0%,Not Started,,
Paint Beadboard Ceilings & Bulkheads,Wed 10/15/2025,Fri 10/17/2025,0%,Not Started,,
Install Toilet Partitions & Specialties,Thu 10/16/2025,Fri 10/17/2025,0%,Not Started,,
Final Paint,Mon 10/20/2025,Wed 10/22/2025,0%,Not Started,,
Paint Metal Handrails,Mon 10/20/2025,Thu 10/23/2025,0%,Not Started,,
Final Clean,Thu 10/23/2025,Fri 10/24/2025,0%,Not Started,,
Install Roll Up Counter Doors,Fri 10/24/2025,Fri 10/24/2025,0%,Not Started,,
Install HM Door Frames,Fri 10/24/2025,Mon 10/27/2025,0%,Not Started,,
Set elevator Rails & equipment,Fri 10/24/2025,Thu 10/30/2025,0%,Not Started,,
Vendor Build Out,Fri 10/24/2025,Thu 12/18/2025,0%,Not Started,,
Restaurant & Bar,Fri 10/24/2025,Thu 12/18/2025,0%,Not Started,,
Prime & 1st Coat Paint,Tue 10/28/2025,Mon 11/03/2025,0%,Not Started,,
Build Cab,Fri 10/31/2025,Thu 11/06/2025,0%,Not Started,,
Polish & Seal Floors,Tue 11/04/2025,Mon 11/10/2025,0%,Not Started,,
Install Air Curtains,Thu 11/06/2025,Mon 11/10/2025,0%,Not Started,,
Test and align doors and equipment,Fri 11/07/2025,Thu 11/13/2025,0%,Not Started,,
Install tile bathroom floors & walls,Tue 11/11/2025,Mon 11/17/2025,0%,Not Started,,
Install Casework,Tue 11/11/2025,Mon 11/24/2025,0%,Not Started,,
Complete elevator inspection and certification,Fri 11/14/2025,Tue 11/18/2025,0%,Not Started,,
Complete Final Inspections,Fri 11/14/2025,Tue 12/16/2025,0%,Not Started,,
Install doors & hardware,Tue 11/18/2025,Fri 11/21/2025,0%,Not Started,,
Trim out electrical,Tue 11/18/2025,Mon 11/24/2025,0%,Not Started,,
Install Grills & Diffusers,Tue 11/18/2025,Mon 11/24/2025,0%,Not Started,,
Install Plumbing Fixtures,Tue 11/25/2025,Mon 12/01/2025,0%,Not Started,,
Install Toilet Partitions & Specialties,Tue 12/02/2025,Mon 12/08/2025,0%,Not Started,,
Final Paint,Tue 12/09/2025,Fri 12/12/2025,0%,Not Started,,
Final Clean,Mon 12/15/2025,Wed 12/17/2025,0%,Not Started,,
Perform architect's inspection,Thu 12/18/2025,Thu 12/18/2025,0%,Not Started,,
Perform local building agency inspection,Thu 12/18/2025,Thu 12/18/2025,0%,Not Started,,
Perform Fire Marshal's inspection,Thu 12/18/2025,Thu 12/18/2025,0%,Not Started,,
Obtain certificate of occupancy,Fri 12/19/2025,Mon 12/22/2025,0%,Not Started,,
Complete punch list items from all inspections,Fri 12/19/2025,Thu 01/01/2026,0%,Not Started,,
Issue final completion documents including warranties,Fri 01/02/2026,Thu 01/15/2026,0%,Not Started,,
Issue final request for payment,Fri 01/16/2026,Fri 01/16/2026,0%,Not Started,,